"","Name","Rating","latitude","longitude","price","review_count","categories"
"1","Bi-Rite Creamery",4.5,37.7615877,-122.4257548,"$",9409,"Ice Cream & Frozen Yogurt Bakeries"
"2","Brenda's French Soul Food",4,37.7829016035273,-122.419043442957,"$$",10008,"Breakfast & Brunch French Soul Food"
"3","Gary Danko",4.5,37.80587,-122.42058,"$$$$",5208,"American (New) French Wine Bars"
"4","Tartine Bakery & Cafe",4,37.7614250022004,-122.424051321456,"$$",7471,"Bakeries Cafes Desserts"
"5","Mitchell's Ice Cream",4.5,37.7442315,-122.422816,"$",3746,"Ice Cream & Frozen Yogurt Custom Cakes"
"6","Hog Island Oyster Co",4.5,37.795831,-122.393303,"$$",5426,"Seafood Seafood Markets Live/Raw Food"
"7","House of Prime Rib",4,37.79338,-122.4225,"$$$",6625,"American (Traditional) Steakhouses Wine Bars"
"8","Burma Superstar",4,37.782787322998,-122.462539672852,"$$",6372,"Burmese"
"9","The House",4.5,37.7986203,-122.4070251,"$$$",4459,"Asian Fusion"
"10","Kokkari Estiatorio",4.5,37.796996,-122.399661,"$$$",4243,"Greek Mediterranean"
"11","Nopa",4,37.77483,-122.43746,"$$$",4844,"American (New) Modern European Desserts"
"12","San Tung",4,37.76367,-122.46896,"$$",6289,"Chinese Chicken Wings Noodles"
"13","El Farolito",4,37.75265,-122.41812,"$",4551,"Mexican"
"14","B Patisserie",4.5,37.78783,-122.44073,"$$",2175,"Bakeries Patisserie/Cake Shop Macarons"
"15","Zazie",4,37.765244,-122.4501138,"$$",4094,"Breakfast & Brunch French"
"16","Fog Harbor Fish House",4,37.80885,-122.41023,"$$",4794,"Seafood Bars"
"17","Saigon Sandwich",4.5,37.7831519576568,-122.417318022037,"$",3089,"Vietnamese Sandwiches"
"18","Foreign Cinema",4,37.75637,-122.41925,"$$$",4556,"Breakfast & Brunch Mediterranean Cocktail Bars"
"19","Golden Boy Pizza",4.5,37.7997956,-122.4080729,"$",3117,"Pizza Italian"
"20","Golden Gate Bakery",4.5,37.79633,-122.40703,"$",3118,"Bakeries"
"21","Liholiho Yacht Club",4.5,37.78818,-122.41458,"$$$",1951,"Bars American (New) Seafood"
"22","Little Star Pizza",4.5,37.77753,-122.43798,"$$",2781,"Pizza"
"23","Sotto Mare Oysteria & Seafood",4.5,37.79979,-122.40834,"$$",3286,"Seafood Italian Bars"
"24","Sweet Maple",4,37.785735681426,-122.43507770852,"$$",3139,"American (Traditional) Breakfast & Brunch Sandwiches"
"25","Tony's Pizza Napoletana",4,37.8003315377662,-122.409053979377,"$$",4371,"Pizza Italian Cocktail Bars"
"26","Humphry Slocombe Ice Cream",4,37.75279,-122.4122,"$",3307,"Ice Cream & Frozen Yogurt"
"27","Mama's On Washington Square",4,37.801606,-122.409599,"$$",3985,"Breakfast & Brunch"
"28","Chapeau",4.5,37.78327,-122.46066,"$$$",2595,"French Wine Bars"
"29","The Codmother Fish and Chips",4.5,37.8072702557489,-122.417093771758,"$",2749,"British Fish & Chips Seafood"
"30","La Taqueria",4,37.750883,-122.418123,"$",3655,"Mexican"
"31","Bob's Donut & Pastry Shop",4.5,37.79185,-122.42128,"$",2729,"Bakeries Donuts"
"32","Espetus Brazilian Steak House",4,37.7733327504928,-122.422131667494,"$$$",3205,"Steakhouses Latin American Brazilian"
"33","Arizmendi Bakery",4.5,37.7633882,-122.4664991,"$",1820,"Bakeries Pizza"
"34","Dottie's True Blue Cafe",4,37.7817050429594,-122.409839630127,"$$",4162,"American (Traditional) Breakfast & Brunch Cafes"
"35","State Bird Provisions",4,37.78374,-122.433005,"$$$",2525,"Tapas/Small Plates American (New) Desserts"
"36","Philz Coffee",4.5,37.752397102831,-122.41426366546,"$",1632,"Coffee & Tea"
"37","Suppenküche",4,37.7762603759766,-122.426391601562,"$$",3020,"German"
"38","Beretta",4,37.75384,-122.42055,"$$",3368,"Italian Bars Pizza"
"39","Schubert's Bakery",4.5,37.78267,-122.46493,"$$",1584,"Bakeries Desserts"
"40","Anthony's Cookies",4.5,37.7502,-122.42013,"$",1604,"Bakeries Coffee & Tea"
"41","HRD",4,37.7811065758548,-122.395329724426,"$$",2384,"Korean Asian Fusion Mexican"
"42","Marufuku Ramen SF",4.5,37.785155,-122.432075,"$$",1683,"Ramen"
"43","Swan Oyster Depot",4,37.790939,-122.420796,"$$",2555,"Seafood"
"44","Kitchen Story",4,37.7642352,-122.4306936,"$$",2747,"Breakfast & Brunch Asian Fusion American (New)"
"45","Anchor Oyster Bar",4.5,37.759689,-122.434609,"$$$",1400,"Seafood"
"46","Plow",4,37.762537673684,-122.39535099572,"$$",2335,"Breakfast & Brunch American (New)"
"47","Mission Beach Cafe",4,37.768133,-122.424713,"$$",2608,"Coffee & Tea American (New) Breakfast & Brunch"
"48","Blue Bottle Coffee",4.5,37.77638,-122.423211,"$$",1656,"Coffee & Tea"
"49","Chez Maman East",4.5,37.7624388911845,-122.396692272318,"$$",1947,"French Burgers Creperies"
"50","Lou's Cafe",4.5,37.78045,-122.473308,"$",1412,"Coffee & Tea Sandwiches Salad"
"51","Limón Rotisserie",4,37.7570666079255,-122.416596234642,"$$",3007,"Peruvian Tapas/Small Plates"
"52","Absinthe Brasserie & Bar",4,37.77714,-122.42268,"$$$",3155,"French Breakfast & Brunch Bars"
"53","Arsicault Bakery",4.5,37.783429,-122.459307,"$$",908,"Bakeries"
"54","Tropisueño",4,37.7853008468227,-122.403918653727,"$$",4020,"Mexican Cocktail Bars"
"55","Blue Bottle Coffee",4,37.7824664727379,-122.407753326389,"$$",2159,"Coffee & Tea"
"56","Mr. and Mrs. Miscellaneous",4.5,37.7578152,-122.3880343,"$",1389,"Ice Cream & Frozen Yogurt"
"57","Philz Coffee",4.5,37.7756640166767,-122.39345180371,"$",1378,"Coffee & Tea Sandwiches"
"58","Wayfare Tavern",4,37.7939484886016,-122.402307987213,"$$$",3666,"American (Traditional)"
"59","Hollywood Cafe",4.5,37.8065799,-122.41584,"$$",1905,"Breakfast & Brunch Cafes"
"60","Loló",4,37.7573462,-122.4214034,"$$",1940,"Tapas/Small Plates"
"61","Shizen Vegan Sushi Bar & Izakaya",4.5,37.768314,-122.421642,"$$",1233,"Sushi Bars Vegan Izakaya"
"62","Mr Holmes Bakehouse",4,37.7875909362522,-122.418352626264,"$$",2177,"Bakeries"
"63","L’Ardoise Bistro",4.5,37.7665241,-122.4331385,"$$$",1201,"French Wine Bars Desserts"
"64","Lolinda",4,37.7566414790839,-122.41907298565,"$$$",1775,"Steakhouses Tapas/Small Plates Latin American"
"65","Pearl's Deluxe Burgers",4,37.787823,-122.413699,"$$",2077,"Burgers"
"66","Zanze's Cheesecake",4.5,37.72994,-122.46984,"$$",894,"Bakeries Desserts"
"67","Scoma's Restaurant",4,37.808944,-122.418462,"$$$",3310,"Seafood Italian Lounges"
"68","Genki Crepes & Mini-Mart",4,37.78326,-122.46283,"$",2153,"Desserts Creperies"
"69","Frances",4.5,37.7627220154927,-122.432276324008,"$$$",1450,"American (New) Desserts Wine Bars"
"70","Tacorea",4.5,37.7897794,-122.410717,"$",1277,"Mexican Korean Latin American"
"71","Rosamunde Sausage Grill - San Francisco",4.5,37.77183,-122.43114,"$",1575,"Hot Dogs German Beer Bar"
"72","Bourbon & Branch",4,37.78592,-122.41336,"$$$",2941,"Cocktail Bars Venues & Event Spaces Speakeasies"
"73","Good Mong Kok Bakery",4,37.7954584839809,-122.408358365012,"$",2243,"Bakeries Dim Sum Cantonese"
"74","Bar Crudo",4,37.7756673618778,-122.438271045685,"$$$",1799,"Seafood Live/Raw Food"
"75","Zero Zero",4,37.78163,-122.40204,"$$",3085,"Pizza Italian Cocktail Bars"
"76","Marlowe",4,37.7783200510611,-122.396771288052,"$$",2556,"American (New) Brasseries"
"77","Pizzeria Delfina - San Francisco",4,37.7614143,-122.4242316,"$$",2238,"Pizza Italian Bars"
"78","Smitten Ice Cream",4,37.7763565191203,-122.424203597963,"$",2356,"Ice Cream & Frozen Yogurt"
"79","La Folie",4.5,37.798136,-122.422036,"$$$$",1420,"French Wine Bars"
"80","Garden Creamery",4.5,37.7587301270631,-122.420380041003,"$",642,"Ice Cream & Frozen Yogurt"
"81","Boulevard",4,37.79337,-122.39274,"$$$$",2560,"American (New)"
"82","Super Duper Burgers",4,37.7868540659939,-122.403968274593,"$$",2586,"Burgers American (Traditional)"
"83","Philz Coffee",4.5,37.7601254,-122.4348964,"$",1034,"Coffee & Tea"
"84","Benkyodo Co",4.5,37.7858539,-122.4299909,"$",905,"Bakeries Candy Stores"
"85","Cha Cha Cha",4,37.7691434,-122.4520399,"$$",3120,"Caribbean Cuban Tapas Bars"
"86","La Mar Cebichería Peruana",4,37.7974182368553,-122.395129846558,"$$$",3423,"Seafood Peruvian"
"87","Mandalay",4,37.7851484,-122.4643918,"$$",2046,"Burmese"
"88","È Tutto Qua",4,37.7977599,-122.40625,"$$",1980,"Italian Seafood Pizza"
"89","Four Barrel Coffee",4,37.7670169511878,-122.42184275,"$",2028,"Coffee & Tea"
"90","Woodhouse Fish Company",4,37.78742,-122.43327,"$$",2084,"Seafood American (New)"
"91","Little Star Pizza",4,37.7662598870271,-122.422120973633,"$$",1963,"Pizza"
"92","Lers Ros",4,37.784703,-122.417566,"$$",2095,"Thai Wine Bars"
"93","Thanh Long",4,37.76017,-122.50609,"$$$",2407,"Seafood Vietnamese"
"94","Belly Good Cafe & Crepes",4.5,37.785354,-122.4303915,"$",1231,"Ice Cream & Frozen Yogurt Creperies Bubble Tea"
"95","The Slanted Door",3.5,37.7961824442073,-122.39369675517,"$$$",5406,"Vietnamese Asian Fusion Bars"
"96","Don Pisto's",4,37.80078,-122.40784,"$$",1719,"Mexican"
"97","Chantal Guillon Macarons",4.5,37.7766722798208,-122.423619580357,"$$",994,"Desserts Coffee & Tea Macarons"
"98","Farmhouse Kitchen Thai Cuisine",4,37.7602179,-122.4110749,"$$",1592,"Thai Comfort Food"
"99","Garaje",4.5,37.781752952057,-122.396121970462,"$$",1422,"Mexican Burgers Gastropubs"
"100","Italian Homemade Company",4.5,37.801752,-122.411851,"$$",1190,"Grocery Italian"
"101","Isa Restaurant",4,37.8001099,-122.43749,"$$$",1948,"French Venues & Event Spaces"
"102","R&G Lounge",3.5,37.7941240989441,-122.404937406342,"$$",4151,"Chinese Seafood Soup"
"103","The Buena Vista",4,37.806509097529,-122.42072219051,"$$",2340,"Bars Cafes Breakfast & Brunch"
"104","The Chairman Truck",4,37.78404,-122.4175,"$",1408,"Food Trucks Taiwanese"
"105","PPQ Dungeness Island",4,37.78233,-122.484454,"$$",2868,"Seafood Vietnamese Asian Fusion"
"106","Urban Putt",4.5,37.7557019908942,-122.416826814485,"$$",1218,"Mini Golf American (New) Bars"
"107","Roxie Food Center",4.5,37.7267302,-122.4414182,"$",943,"Grocery Sandwiches"
"108","Roli Roti Gourmet Rotisserie",4.5,37.795398235987,-122.392534017563,"$",1382,"Sandwiches Food Trucks Specialty Food"
"109","Neighbor Bakehouse",4.5,37.759631,-122.388171,"$$",634,"Bakeries"
"110","Home",4.5,37.7544539255473,-122.477013878524,"$",927,"Coffee & Tea"
"111","Deli Board",4.5,37.7776247966103,-122.407012712007,"$$",1184,"Delis Sandwiches"
"112","KUSAKABE",4.5,37.7957017702111,-122.402884835582,"$$$$",773,"Sushi Bars Japanese"
"113","Golden Bear Trading Company",4.5,37.7621609,-122.463128,"$",937,"Grocery Coffee & Tea"
"114","Submarine Center",4.5,37.7409,-122.46532,"$",1118,"Sandwiches Pizza"
"115","Taqueria Cancún",4,37.76047,-122.41951,"$",1952,"Mexican"
"116","Delfina",4,37.76131,-122.42431,"$$$",1989,"Italian Wine Bars"
"117","Tommy's Joynt",4,37.785547,-122.421814,"$",2725,"American (Traditional) Bars Salad"
"118","Spruce",4,37.787621,-122.452734,"$$$$",1801,"American (Traditional)"
"119","Devil's Teeth Baking Company",4.5,37.753182446703,-122.505007542328,"$",1451,"Bakeries"
"120","Lovejoy's Tea Room",4.5,37.74919,-122.42689,"$$",1131,"British Tea Rooms"
"121","Boba Guys",4,37.7899434017563,-122.407306303981,"$",1691,"Coffee & Tea Bubble Tea Desserts"
"122","Harris' Restaurant",4,37.79508,-122.42287,"$$$$",1744,"Steakhouses"
"123","Gracias Madre",4,37.761606,-122.419241,"$$",2955,"Vegan Mexican Breakfast & Brunch"
"124","Holy Gelato!",4.5,37.7624176,-122.4660266,"$",1015,"Ice Cream & Frozen Yogurt Gelato Coffee & Tea"
"125","The Front Porch",4,37.74372,-122.42197,"$$",2602,"Southern Cajun/Creole"
"126","DOSA on Fillmore",4,37.78535,-122.43284,"$$$",2821,"Indian"
"127","Limoncello",5,37.7873184067081,-122.423591369312,"$$",521,"Sandwiches Delis Beer, Wine & Spirits"
"128","Alexander's Steakhouse",4,37.7793,-122.39568,"$$$$",1591,"Steakhouses Seafood American (New)"
"129","Craftsman and Wolves",4,37.7609695,-122.4218206,"$$",1423,"Bakeries Cafes Patisserie/Cake Shop"
"130","Hard Knox Cafe",4,37.7575200814767,-122.388580106199,"$$",2056,"Soul Food Southern Sandwiches"
"131","Nick's Crispy Tacos",4,37.79607,-122.42196,"$",3181,"Mexican Sports Bars"
"132","The Ice Cream Bar",4,37.76643,-122.45033,"$$",1269,"Ice Cream & Frozen Yogurt Beer, Wine & Spirits American (Traditional)"
"133","Mensho Tokyo",4,37.7866908459856,-122.414326295257,"$$",1751,"Ramen Noodles"
"134","Hot Sauce and Panko",4.5,37.7945165216685,-122.417876198887,"$",1015,"Chicken Wings Specialty Food"
"135","Señor Sisig",4,37.79059,-122.40306,"$",1437,"Filipino Food Trucks Asian Fusion"
"136","Nara Restaurant & Sake Bar",4.5,37.7721665317965,-122.430675700307,"$$",768,"Japanese Sushi Bars"
"137","Tommaso's",4,37.797778,-122.405204,"$$",1518,"Italian Pizza Seafood"
"138","Hot Cookie",4,37.76227,-122.43494,"$",1386,"Bakeries Desserts"
"139","The Monk's Kettle",4,37.7647290879634,-122.42297490884,"$$",2096,"Bars Gastropubs"
"140","Ryoko's",4,37.7881987776243,-122.412059158087,"$$",2700,"Sushi Bars Japanese"
"141","Sightglass Coffee",4,37.7768998,-122.4086371,"$$",1690,"Coffee & Tea"
"142","Molinari Delicatessen",4.5,37.79838,-122.40782,"$$",1032,"Delis"
"143","Boudin Bakery & Cafe",4,37.8084100293993,-122.41507940311,"$$",3032,"Bakeries Salad Sandwiches"
"144","Firefly Restaurant",4,37.751206,-122.438189,"$$$",1422,"American (New) Gluten-Free Desserts"
"145","Eight AM",4.5,37.806251,-122.419204,"$$",1019,"American (New) Breakfast & Brunch"
"146","Andytown Coffee Roasters",4.5,37.756805,-122.502283,"$",743,"Coffee & Tea"
"147","The Original Ghirardelli Ice Cream & Chocolate Shop",4,37.8058331714633,-122.422949041809,"$$",2327,"Ice Cream & Frozen Yogurt Chocolatiers & Shops"
"148","Samovar Tea - Yerba Buena Gardens",4,37.7841774486315,-122.402068620684,"$$",2240,"Tea Rooms Cafes Breakfast & Brunch"
"149","Mission Pie",4,37.750552,-122.418153,"$",1705,"Bakeries Cafes"
"150","Benu",4.5,37.785402,-122.399068,"$$$$",989,"American (New) Asian Fusion Wine Bars"
"151","Mymy",4,37.7909400620458,-122.419269534168,"$$",1527,"Breakfast & Brunch American (New)"
"152","La Fusión",4.5,37.7916357455614,-122.403691572642,"$$",1077,"Latin American Desserts Breakfast & Brunch"
"153","La Ciccia",4.5,37.7420027017,-122.426627318,"$$$",1021,"Seafood Sardinian"
"154","B Star Bar",4,37.78298,-122.46065,"$$",1767,"Burmese Asian Fusion Breakfast & Brunch"
"155","Acquerello",4.5,37.79157,-122.4213296,"$$$$",1040,"Italian Wine Bars Venues & Event Spaces"
"156","Woodhouse Fish",4,37.7676615910331,-122.42844209075,"$$",1587,"Seafood Fish & Chips Sandwiches"
"157","Sophie's Crepes",4,37.785048,-122.432093,"$",1639,"Desserts Creperies"
"158","Pacific Catch",4,37.80057,-122.43652,"$$",1529,"Seafood"
"159","Seven Hills",4.5,37.7953586,-122.4182303,"$$$",921,"Italian Seafood Wine Bars"
"160","AsiaSF",4,37.77503,-122.41281,"$$$",1737,"Asian Fusion Dance Clubs"
"161","Bella Trattoria",4,37.78148,-122.46085,"$$",1287,"Italian"
"162","DOSA on Valencia",4,37.7570921927691,-122.421059310436,"$$",2231,"Indian"
"163","Zuni Café",4,37.7734826,-122.4216396,"$$$",2610,"Italian French"
"164","Acme Bread Company",4.5,37.795752455393,-122.393647134304,"$",806,"Bakeries"
"165","Frascati",4.5,37.7983589172363,-122.419105529785,"$$$",1148,"American (New) Mediterranean"
"166","Blue Bottle Coffee",4,37.7960448083673,-122.393810043172,"$",1466,"Coffee & Tea"
"167","Pancho Villa Taqueria",4,37.7648138,-122.4212461,"$",2388,"Mexican"
"168","Hillstone",4,37.805712595582,-122.405280545354,"$$$",2059,"American (New) Diners Wine Bars"
"169","Quince",4,37.7975,-122.40336,"$$$$",1397,"French Italian"
"170","Pizzetta 211",4.5,37.783684,-122.482974,"$$",1185,"Pizza"
"171","The Taco Shop At Underdog's",4,37.76378,-122.47765,"$$",1726,"Sports Bars Mexican"
"172","Ebisu",4,37.7644547169329,-122.466417011814,"$$",1692,"Sushi Bars Japanese"
"173","Surisan",4.5,37.80678,-122.41756,"$$",1053,"Korean American (New) Breakfast & Brunch"
"174","Tuba Authentic Turkish Restaurant",4.5,37.7548912,-122.4228895,"$$",934,"Mediterranean Turkish"
"175","Roam Artisan Burgers",4,37.7979315072298,-122.428533956409,"$$",1488,"Burgers"
"176","Thorough Bread & Pastry",4.5,37.7665123809431,-122.429034858942,"$",795,"Patisserie/Cake Shop Cafes"
"177","Farm : Table",4,37.7876476643898,-122.414076908221,"$$",1631,"Coffee & Tea Breakfast & Brunch"
"178","The View Lounge",4,37.7853662725987,-122.404355941664,"$$",1524,"Lounges Beer, Wine & Spirits"
"179","La Mediterranee",4,37.7900665,-122.4338783,"$$",1420,"Middle Eastern Mediterranean Armenian"
"180","Blue Plate",4,37.74523,-122.42033,"$$$",1346,"American (Traditional) Comfort Food Wine Bars"
"181","Coqueta",4,37.7984671979957,-122.396616339684,"$$$",1835,"Spanish Tapas/Small Plates"
"182","Perbacco",4,37.7934543812786,-122.399336635582,"$$$",1940,"Italian Bars"
"183","Tadu Ethiopian Kitchen",4.5,37.7848298,-122.4142271,"$$",593,"Ethiopian"
"184","Tadich Grill",4,37.793431560349,-122.399468217791,"$$$",2214,"Seafood American (Traditional)"
"185","El Techo",4,37.7566307288009,-122.419098317624,"$$",1586,"Latin American Cocktail Bars"
"186","Leopold's",4.5,37.79892,-122.42207,"$$",993,"German Austrian Bars"
"187","Hakkasan",4,37.78771,-122.40385,"$$$",1588,"American (New) Cantonese Dim Sum"
"188","BIX",4,37.79686,-122.40291,"$$$",1709,"American (Traditional)"
"189","Akiko's Restaurant",4,37.790582,-122.404653,"$$",1760,"Sushi Bars Japanese"
"190","Blackwood",4,37.800591,-122.438832,"$$",1371,"Thai Breakfast & Brunch Asian Fusion"
"191","Wonderful Dessert & Cafe",4,37.7633252984489,-122.479877762902,"$",1216,"Candy Stores Bubble Tea"
"192","Izakaya Sozai",4,37.763879,-122.47413,"$$",1987,"Ramen Izakaya Noodles"
"193","Dynamo Donut & Coffee",4,37.752971,-122.407676,"$",1814,"Coffee & Tea Donuts Patisserie/Cake Shop"
"194","XOX Truffles",4.5,37.80175,-122.41206,"$",589,"Chocolatiers & Shops Coffee & Tea"
"195","Koo",4,37.764358548011,-122.46243827946,"$$$",1074,"Japanese Sushi Bars"
"196","Sushi Zone",4,37.7711651322979,-122.423915188557,"$$",1023,"Sushi Bars Japanese"
"197","Waterbar",3.5,37.7900429,-122.3886065,"$$$",2804,"Seafood American (New) Live/Raw Food"
"198","Cafe Claude",4,37.7903209516376,-122.404523903705,"$$$",1918,"French Venues & Event Spaces"
"199","Parada 22",4,37.7692967769619,-122.452065106142,"$$",1080,"Latin American Puerto Rican"
"200","The Bird",4,37.78724,-122.39995,"$",1156,"Chicken Shop Sandwiches"
"201","Art's Cafe",4,37.763926,-122.4657578,"$",1049,"Diners Korean American (Traditional)"
"202","Humphry Slocombe Ice Cream",4.5,37.7954033,-122.3938169,"$",1012,"Ice Cream & Frozen Yogurt"
"203","Katana-Ya",3.5,37.78726,-122.41037,"$$",4037,"Sushi Bars Ramen"
"204","The Alembic",4,37.769371,-122.451176,"$$",1653,"Bars American (New) Breakfast & Brunch"
"205","Roka Akor - San Francisco",4,37.7965391394848,-122.403850511802,"$$$$",1109,"Steakhouses Japanese Cocktail Bars"
"206","Amélie",4,37.7931200864529,-122.420906547632,"$$",1295,"Wine Bars Lounges French"
"207","Smuggler's Cove",4,37.77945,-122.42327,"$$",1632,"Venues & Event Spaces Tiki Bars Cocktail Bars"
"208","Hogwash",4.5,37.7891754,-122.4099292,"$$",939,"Gastropubs Beer Bar"
"209","Limón Rotisserie",3.5,37.7644157409668,-122.422134399414,"$$",2370,"Peruvian Tapas/Small Plates"
"210","Liguria Bakery",4.5,37.80153,-122.40916,"$",679,"Bakeries"
"211","Park Tavern",4,37.80113,-122.409,"$$$",1485,"American (New) Breakfast & Brunch"
"212","Yummy Yummy",4,37.76368,-122.46879,"$$",1332,"Vietnamese Chinese Noodles"
"213","5A5 Steak Lounge",4,37.7969972,-122.4000609,"$$$",2038,"Steakhouses Bars"
"214","Straw",4,37.774056,-122.424198,"$$",1690,"American (New) Sandwiches Breakfast & Brunch"
"215","Taylor Street Coffee Shop",4,37.7856803,-122.4114826,"$$",1104,"Burgers Sandwiches Coffee & Tea"
"216","Il Casaro Pizzeria & Mozzarella Bar",4.5,37.7984832,-122.4073981,"$$",930,"Italian Pizza"
"217","Muracci's Japanese Curry & Grill",4,37.791036,-122.404233,"$$",1629,"Japanese Curry"
"218","Ruth's Chris Steak House",4,37.7905481,-122.4226117,"$$$",1972,"Steakhouses Wine Bars"
"219","Stones Throw",4.5,37.7981224060059,-122.418571472168,"$$$",856,"American (New)"
"220","Bistro Central Parc",4.5,37.775023,-122.44427,"$$$",906,"French Breakfast & Brunch"
"221","Roy's Restaurant",4,37.7881,-122.3991,"$$$",2198,"Seafood Steakhouses Sushi Bars"
"222","Lime Tree Southeast Asian Kitchen",4,37.764337,-122.462736,"$",1445,"Singaporean Malaysian Indonesian"
"223","Jardiniere",4,37.7781751,-122.4217932,"$$$$",1605,"French American (New) Champagne Bars"
"224","Zushi Puzzle",4,37.80052,-122.43308,"$$$",1311,"Sushi Bars Japanese Salad"
"225","Coletta Gelato",5,37.78269,-122.3968,"$",359,"Gelato Ice Cream & Frozen Yogurt"
"226","Salt & Straw",4.5,37.78993,-122.43432,"$$",782,"Ice Cream & Frozen Yogurt"
"227","Skool",4,37.7685096967036,-122.402136325836,"$$",1589,"Seafood Japanese Asian Fusion"
"228","Souvla",4,37.77643,-122.425,"$$",1139,"Greek Mediterranean"
"229","Colibri Mexican Bistro",4,37.7871606463558,-122.410636659841,"$$",2156,"Mexican"
"230","Saru Sushi Bar",4.5,37.751706,-122.4288283,"$$$",770,"Sushi Bars Japanese Seafood"
"231","Truly Mediterranean",4,37.764755,-122.422263,"$",1147,"Mediterranean"
"232","Hops & Hominy",4,37.789312,-122.405731,"$$",1948,"Southern American (Traditional) Bars"
"233","SusieCakes",4,37.80045,-122.4381,"$$",1070,"Bakeries Cupcakes Desserts"
"234","Cuisine of Nepal",4.5,37.74097,-122.42318,"$$",449,"Himalayan/Nepalese"
"235","Stella Pastry & Cafe",4,37.79918,-122.40828,"$",1220,"Bakeries Coffee & Tea"
"236","The Flying Falafel",4.5,37.7812488,-122.411304,"$",804,"Falafel Vegan"
"237","Loving Cup",4,37.798653,-122.422157,"$",1039,"Desserts Ice Cream & Frozen Yogurt"
"238","Chow",4,37.76718,-122.42873,"$$",1932,"American (Traditional) Breakfast & Brunch Comfort Food"
"239","The Sentinel",4,37.7882977785009,-122.401372356986,"$",1281,"Sandwiches"
"240","Miette Patisserie",4,37.79601,-122.393979,"$$",1522,"Bakeries Cupcakes"
"241","Bobo's",4,37.8014088795149,-122.425744103705,"$$$",1963,"Steakhouses Seafood"
"242","Swensen's Ice Cream",4.5,37.799191,-122.419276,"$",989,"Ice Cream & Frozen Yogurt"
"243","Trestle",4.5,37.796127,-122.404495,"$$$",738,"American (New)"
"244","Sushi Bistro",4,37.77701,-122.4635,"$$",1503,"Sushi Bars Japanese"
"245","Broken Record",4,37.71426,-122.437,"$",1226,"Dive Bars"
"246","Rusty's Southern",4.5,37.7844,-122.41855,"$$",795,"Southern Breakfast & Brunch Diners"
"247","Golden Gate Fortune Cookies",4.5,37.79577,-122.40725,"$",807,"Bakeries"
"248","Hai Ky Noodles",4,37.7840538024902,-122.417953491211,"$",857,"Chinese Vietnamese Noodles"
"249","Papalote Mexican Grill",3.5,37.75194,-122.42094,"$$",2156,"Mexican"
"250","Griddle Fresh",4,37.751351,-122.432183,"$$",920,"Breakfast & Brunch Salad American (New)"
"251","Pakwan Restaurant - 16th Street",4,37.7649156994629,-122.423777393059,"$",1650,"Indian Pakistani"
"252","Honey Honey Cafe and Crepery",4,37.7878350019455,-122.411520034075,"$$",2215,"Breakfast & Brunch Creperies"
"253","Tataki",4,37.7878390504557,-122.441227674274,"$$",1201,"Sushi Bars Bars"
"254","Sushirrito",4,37.7902241805415,-122.403766215939,"$$",1420,"Japanese Sushi Bars Asian Fusion"
"255","Super Duper Burgers",4,37.7847136151899,-122.403914974246,"$$",1246,"Burgers American (Traditional)"
"256","Marnee Thai",4,37.76513,-122.46671,"$$",1572,"Thai"
"257","Trattoria Contadina",4,37.80018,-122.41228,"$$",1238,"Italian"
"258","Polly Ann Ice Cream",4,37.753435,-122.497758,"$",1196,"Ice Cream & Frozen Yogurt"
"259","The Little Chihuahua",4,37.7720399,-122.43688,"$$",1411,"Mexican"
"260","Fresh Brew Coffee",4.5,37.79001,-122.41177,"$",501,"Coffee & Tea Sandwiches Vietnamese"
"261","Japanese Tea Garden",4,37.7700897295676,-122.470314657078,"$",1270,"Tea Rooms Gift Shops"
"262","Universal Cafe",4,37.76062,-122.41064,"$$",1300,"Breakfast & Brunch American (New) Diners"
"263","Just For You Cafe",4,37.7579585099187,-122.388854026794,"$$",1351,"American (Traditional) Breakfast & Brunch"
"264","Nopalito",4,37.77343530099,-122.438993048014,"$$",1763,"Mexican Gluten-Free"
"265","Crepevine Restaurant",4,37.76435,-122.46467,"$$",1499,"Creperies Breakfast & Brunch American (New)"
"266","Fino Ristorante & Bar",4,37.7879880715968,-122.412287082989,"$$",1069,"Italian Desserts Pizza"
"267","Mourad Restaurant",4,37.78661,-122.4,"$$$",860,"Moroccan Venues & Event Spaces Bars"
"268","Han Il Kwan",4,37.77675,-122.4783,"$$",1492,"Korean"
"269","Dumpling Time",4,37.7697533,-122.4022546,"$$",1097,"Dim Sum Asian Fusion"
"270","Gialina Pizzeria",4,37.73405,-122.43424,"$$",1083,"Pizza Italian Salad"
"271","Cockscomb",4,37.77865,-122.39733,"$$$",1059,"Bars American (New)"
"272","Ritual Coffee Roasters",4,37.75642,-122.42137,"$$",1862,"Coffee & Tea"
"273","Franchino",4,37.79833,-122.40757,"$$",1056,"Italian"
"274","Old Jerusalem Restaurant",4,37.7495007,-122.4184218,"$$",993,"Middle Eastern Mediterranean Arabian"
"275","Flour + Water",3.5,37.75892,-122.41231,"$$$",2171,"Italian Pizza"
"276","Starbelly",4,37.7640665498011,-122.432531118393,"$$",1671,"Comfort Food Pizza Cocktail Bars"
"277","Rich Table",4,37.77485,-122.42284,"$$$",1067,"American (New) Cocktail Bars Wine Bars"
"278","Cordon Bleu",4,37.7907203,-122.4205111,"$",1014,"Vietnamese Asian Fusion"
"279","Old Skool Cafe",4.5,37.734266,-122.390515,"$$",495,"Soul Food American (Traditional)"
"280","Kin Khao",4,37.7852278803726,-122.409348137336,"$$",1680,"Thai"
"281","Pho Huynh Hiep 2 - Kevin's Noodle House",4,37.763338,-122.477795,"$",1510,"Vietnamese Noodles"
"282","Amber India",4,37.7858090277572,-122.404539585114,"$$$",1966,"Indian Lounges"
"283","Kabuto Restaurant",4,37.78031,-122.47441,"$$$",989,"Sushi Bars Japanese"
"284","Yamo",3.5,37.7619463343878,-122.419764563536,"$",1902,"Burmese Chinese"
"285","Outerlands",3.5,37.76025390625,-122.505020141602,"$$",2147,"American (New) Breakfast & Brunch Sandwiches"
"286","Boiling Hot Pot",4.5,37.7806682,-122.4786992,"$$",709,"Hot Pot Chinese"
"287","Local Edition",4,37.78759,-122.4031601,"$$",1516,"Lounges Cocktail Bars Whiskey Bars"
"288","Yank Sing",3.5,37.7927224142545,-122.39312659859,"$$$",2421,"Dim Sum Cantonese"
"289","Rickhouse",4,37.7904968261719,-122.403594970703,"$$",1571,"Cocktail Bars Venues & Event Spaces Whiskey Bars"
"290","Alimento",4.5,37.799643,-122.409622,"$",638,"Gelato Sandwiches Salad"
"291","The Stinking Rose",3.5,37.7982486,-122.4073904,"$$",3711,"Italian Seafood American (Traditional)"
"292","Boba Guys",4,37.75994,-122.42112,"$",1352,"Bubble Tea"
"293","Basa Seafood Express",4.5,37.75276,-122.41338,"$",569,"Seafood Sandwiches Burgers"
"294","Baonecci Ristorante",4.5,37.799824,-122.407833,"$$",917,"Pizza Italian"
"295","Dinosaurs",4,37.7644154700871,-122.431834858528,"$",857,"Vietnamese Sandwiches"
"296","Yasukochi's Sweet Stop",4.5,37.78673,-122.42978,"$$",516,"Bakeries Desserts"
"297","Home",4.5,37.782323,-122.480993,"$$",459,"Coffee & Tea"
"298","Pizzeria Delfina",4,37.789104,-122.434441,"$$",1427,"Pizza Italian"
"299","Butter",4,37.771019,-122.413343,"$",1150,"Dive Bars Dance Clubs Karaoke"
"300","Gamine",4,37.7968797,-122.4359489,"$$",882,"French Burgers"
"301","Lazy Bear",4.5,37.76041,-122.41969,"$$$$",508,"American (New)"
"302","Delancey Street Restaurant",4,37.7843569724103,-122.388436943292,"$$",1498,"American (Traditional) Breakfast & Brunch"
"303","Zeitgeist",3.5,37.77003,-122.4221,"$",2627,"Dive Bars Burgers Beer Gardens"
"304","Cinderella Bakery & Cafe",4,37.77745,-122.46374,"$",854,"Bakeries Russian Cafes"
"305","Walzwerk",4,37.7672658,-122.4175768,"$$",957,"German"
"306","Press Club",4,37.7859531718409,-122.404646873474,"$$$",1133,"Wine Bars Venues & Event Spaces Lounges"
"307","Barbacco",4,37.7935921194034,-122.399338591436,"$$",1537,"Italian Bars"
"308","Eiji",4,37.764058,-122.430685,"$$",1048,"Sushi Bars Japanese"
"309","The Italian Homemade Company",4.5,37.79742,-122.43097,"$$",725,"Italian International Grocery"
"310","American Grilled Cheese Kitchen",4,37.782229,-122.392869,"$$",1452,"Breakfast & Brunch American (Traditional)"
"311","Topsy's Fun House",4.5,37.7905828,-122.4038175,"$$",565,"Cocktail Bars Lounges"
"312","Crossroads Cafe",4,37.7831325,-122.3890356,"$",919,"Coffee & Tea Sandwiches Community Service/Non-Profit"
"313","Little Skillet",3.5,37.77882,-122.39406,"$$",1912,"Soul Food"
"314","Super Duper Burgers",4,37.76395,-122.43373,"$",1210,"Burgers American (Traditional)"
"315","Oasis Grill",4,37.7944464239893,-122.396736520868,"$",1188,"Mediterranean Desserts Salad"
"316","NightLife",4,37.769798806043,-122.466702461243,"$$",943,"Museums Bars"
"317","Coffee Bar",4,37.76328,-122.41042,"$",1069,"Coffee & Tea Breakfast & Brunch"
"318","El Metate Restaurant",4,37.7556745300616,-122.409623820024,"$",1072,"Mexican"
"319","Toronado",4,37.77183,-122.43114,"$",1750,"Dive Bars Pubs"
"320","Nopalito",4,37.765409579693,-122.466281482937,"$$",1179,"Mexican Comfort Food Gluten-Free"
"321","Brenda's Meat & Three",4,37.7781489203981,-122.438551256878,"$$",867,"Soul Food Breakfast & Brunch Southern"
"322","Manna",4,37.76384,-122.46708,"$$",967,"Korean"
"323","The Richmond",4.5,37.77702,-122.46534,"$$$",653,"Wine Bars American (New)"
"324","Box Kitchen",4.5,37.7811510761365,-122.40636505138,"$$",723,"Burgers Waffles"
"325","Milkbomb Ice Cream",4.5,37.76475,-122.40077,"$",452,"Ice Cream & Frozen Yogurt Desserts Donuts"
"326","Little Delhi",4,37.78416,-122.40901,"$$",1819,"Indian"
"327","Delarosa",4,37.800287,-122.439110224537,"$$",1389,"Italian Cocktail Bars Pizza"
"328","House Of Pancakes",4,37.742904,-122.476349,"$",817,"Chinese Noodles Taiwanese"
"329","Pork Store Cafe",4,37.76997,-122.44623,"$$",1312,"Breakfast & Brunch Coffee & Tea Comfort Food"
"330","Roam Artisan Burgers",4,37.787682,-122.433853,"$$",1089,"Burgers"
"331","Greens Restaurant",4,37.806816,-122.432202,"$$$",1925,"Vegetarian Vegan Gluten-Free"
"332","The Rotunda",4,37.7874117371449,-122.40635645157,"$$$",1516,"American (New) Tea Rooms"
"333","Rye",4,37.78677,-122.41461,"$$",1289,"Lounges"
"334","Patxi's Pizza",3.5,37.77649,-122.425,"$$",2139,"Pizza Salad Italian"
"335","Kingdom of Dumpling",3.5,37.7424600303507,-122.48463414418,"$",1911,"Dim Sum"
"336","Dumpling Kitchen",4,37.7423,-122.48701,"$$",1326,"Chinese"
"337","Chez Maman West",4,37.7769302261974,-122.423146543171,"$$",993,"French Burgers"
"338","Piccino",4,37.75762,-122.38992,"$$",1324,"Italian Pizza Coffee & Tea"
"339","My Tofu House",4,37.7806563,-122.4691286,"$$",1604,"Korean"
"340","SPQR",3.5,37.78725,-122.43376,"$$$",1884,"Italian Wine Bars Breakfast & Brunch"
"341","Prospect",4,37.7897917872845,-122.390961392642,"$$$",1499,"American (New)"
"342","North India Restaurant",4,37.787789124691,-122.399305736113,"$$",1257,"Indian"
"343","Fat Angel",4,37.783385291338,-122.433185588489,"$$",805,"Wine Bars Gastropubs"
"344","Palmyra",4,37.771851,-122.433937,"$",804,"Mediterranean Middle Eastern Syrian"
"345","Serpentine",4,37.758100271937,-122.38818876502,"$$",1465,"American (New)"
"346","Atelier Crenn",4.5,37.7983315559591,-122.435879521072,"$$$$",646,"French"
"347","La Boulangerie de San Francisco, Pine",4.5,37.78762,-122.43403,"$",727,"Bakeries Coffee & Tea Breakfast & Brunch"
"348","Basil Thai Restaurant & Bar",4,37.775333404541,-122.4091796875,"$$",1437,"Thai Bars"
"349","Crab House at Pier 39",3.5,37.8094268871436,-122.410365343094,"$$$",2070,"Seafood"
"350","Cotogna",4,37.7975,-122.40336,"$$$",1307,"Italian"
"351","Bowl'D Acai",4.5,37.782619,-122.407949,"$$",539,"Food Trucks Hawaiian Acai Bowls"
"352","CoffeeShop",4.5,37.747,-122.41865,"$$",330,"Coffee & Tea"
"353","The Hidden Vine",4.5,37.79555,-122.40072,"$$",774,"Wine Bars"
"354","Hinodeya Ramen Bar",4,37.7861574638014,-122.430057115853,"$$",757,"Ramen"
"355","Beanstalk Cafe",4,37.7901517599821,-122.409288436174,"$",783,"Coffee & Tea Cafes"
"356","Wooly Pig",4.5,37.760662161462,-122.388421141818,"$",609,"Sandwiches Coffee & Tea Breakfast & Brunch"
"357","Thai Idea Vegetarian",4.5,37.7834938,-122.4190575,"$$",675,"Thai"
"358","Betty Lou's Seafood & Grill",4.5,37.798272477416,-122.407057508826,"$$",511,"Seafood Steakhouses Bars"
"359","Hopwater Distribution",4.5,37.7899538528782,-122.411338984966,"$$",654,"American (Traditional) Beer Bar"
"360","Bouche",4.5,37.7902010565423,-122.407361268997,"$$$",716,"French"
"361","Gott's Roadside",3.5,37.7960849485032,-122.394304275513,"$$",2523,"Burgers Seafood Sandwiches"
"362","Joe's Ice Cream",4,37.78077,-122.47777,"$",809,"Ice Cream & Frozen Yogurt Burgers Hot Dogs"
"363","āina",4,37.75791,-122.39038,"$$",927,"Breakfast & Brunch Hawaiian Asian Fusion"
"364","Dragon Beaux",4,37.7805,-122.4807,"$$",1202,"Seafood Dim Sum Hot Pot"
"365","Hunan Home's Restaurant",4,37.7964057922363,-122.405654907227,"$$",1914,"Chinese"
"366","Udupi Palace",4,37.75667,-122.42091,"$$",1277,"Indian Vegetarian Vegan"
"367","Picaro",4,37.76513,-122.42245,"$$",1426,"Spanish Basque Tapas Bars"
"368","Good Luck Dim Sum",4,37.7830772399902,-122.46720123291,"$",1477,"Dim Sum"
"369","Mikkeller Bar",4,37.783976,-122.408981,"$$",1125,"Gastropubs Beer Bar Breakfast & Brunch"
"370","Perilla",4,37.76415,-122.46711,"$$",1156,"Vietnamese"
"371","Cafe Bunn Mi",4,37.78273,-122.46369,"$",1139,"Vietnamese Sandwiches Noodles"
"372","Pica Pica Arepa Kitchen",4,37.766409,-122.421714,"$$",1372,"Gluten-Free Latin American"
"373","Marnee Thai",4,37.76311,-122.4818,"$$",1672,"Thai"
"374","Helmand Palace",4.5,37.798,-122.42343,"$$",771,"Afghan Mediterranean Halal"
"375","Carmel Pizza Company",4.5,37.8075970299193,-122.417328357697,"$$",724,"Pizza"
"376","In-N-Out Burger",4,37.80775,-122.41853,"$",1711,"Fast Food Burgers"
"377","Montesacro Pinseria-Enoteca",4.5,37.7815976,-122.410121,"$$",523,"Pizza"
"378","Tín Vietnamese Cuisine",4,37.780772,-122.40568,"$$",1137,"Vietnamese Noodles"
"379","Cha-Ya",4,37.760753,-122.421787,"$$",1130,"Japanese Vegetarian Vegan"
"380","Taqueria Guadalajara",4,37.7212907373905,-122.437459006906,"$",864,"Mexican"
"381","Wako Japanese Restaurant",4.5,37.78283,-122.46148,"$$$$",478,"Japanese Sushi Bars"
"382","Bluestem Brasserie",4,37.785985,-122.404921,"$$$",1578,"Brasseries Steakhouses Wine Bars"
"383","Piccolo Forno",4.5,37.8013699308642,-122.411981038749,"$$",438,"Pizza Italian"
"384","Sanraku",4,37.7889513951509,-122.41242887495,"$$",1517,"Japanese Sushi Bars Asian Fusion"
"385","Mazarine Coffee",4.5,37.787579982406,-122.404056472387,"$$",675,"Coffee & Tea Sandwiches Breakfast & Brunch"
"386","Beard Papa",4,37.784534,-122.406556,"$",996,"Bakeries Desserts"
"387","Town Hall",3.5,37.7895383,-122.3949794,"$$$",1889,"American (New) Wine Bars"
"388","Ananda Fuara",4,37.77798,-122.4162,"$$",1018,"Vegetarian Vegan Breakfast & Brunch"
"389","Matcha Cafe Maiko",4.5,37.7852337,-122.4315788,"$",504,"Coffee & Tea Ice Cream & Frozen Yogurt Shaved Ice"
"390","Arizmendi Bakery",4.5,37.7526584,-122.4210748,"$",564,"Bakeries Pizza"
"391","Miyako Old Fashioned Ice Cream",4.5,37.7830991389702,-122.432461963236,"$",309,"Ice Cream & Frozen Yogurt Delis Sandwiches"
"392","The Grove Yerba Buena",3.5,37.786555,-122.401971,"$$",1799,"Sandwiches American (New) Cafes"
"393","Albona Ristorante Istriano",4.5,37.8044804521307,-122.4142137131,"$$$",660,"Italian"
"394","Sushi Time",4,37.76455,-122.43206,"$$",697,"Japanese Sushi Bars"
"395","Live Sushi Bar",4,37.764681,-122.4036308,"$$",1191,"Sushi Bars Japanese Bars"
"396","San Francisco's Hometown Creamery",4.5,37.7643108,-122.4661588,"$",645,"Ice Cream & Frozen Yogurt"
"397","Saint Frank Coffee",4.5,37.798473,-122.422026,"$",603,"Coffee & Tea Sandwiches Breakfast & Brunch"
"398","Ozumo",3.5,37.7926687177709,-122.392372621363,"$$$",2028,"Sushi Bars Japanese"
"399","Michael Mina",4,37.7934609,-122.3996416,"$$$$",1163,"Middle Eastern"
"400","Chloe's Cafe",4,37.7486351154446,-122.42695521362,"$$",939,"Breakfast & Brunch Cafes"
"401","Mozzeria",4.5,37.76489,-122.42488,"$$",676,"Pizza Italian"
"402","Pläj Scandinavian Restaurant & Bar",4,37.7787285,-122.4222183,"$$$",623,"Scandinavian Bars"
"403","Oola Restaurant & Bar",3.5,37.78103,-122.40263,"$$",1715,"American (New) Bars Breakfast & Brunch"
"404","Shalimar",4,37.7862722814728,-122.412946148479,"$$",1376,"Pakistani Indian"
"405","15 Romolo",4,37.7981914,-122.4063459,"$$",1026,"Tapas/Small Plates Cocktail Bars"
"406","Phat Philly",4,37.75224,-122.42037,"$",988,"Sandwiches Cheesesteaks Chicken Wings"
"407","Farallon",4,37.7883291568084,-122.409311703041,"$$$$",1529,"Seafood"
"408","Marugame Udon",4,37.72856,-122.47688,"$$",1041,"Japanese Noodles"
"409","St. Francis Fountain",4,37.7527199,-122.40834,"$$",1129,"Ice Cream & Frozen Yogurt Breakfast & Brunch Sandwiches"
"410","Twenty Five Lusk",4,37.7785264,-122.3943527,"$$$",1352,"American (New) Cocktail Bars"
"411","The Pink Elephant Alibi",4,37.78682,-122.40049,"$$",987,"American (New) Breakfast & Brunch Gastropubs"
"412","El Castillito",4,37.7688743812288,-122.429237365723,"$",800,"Mexican"
"413","Hard Knox Cafe",3.5,37.78222,-122.48574,"$$",1626,"Soul Food Breakfast & Brunch Southern"
"414","Haight Street Market",4.5,37.77021,-122.44758,"$$",451,"Grocery Beer, Wine & Spirits Delis"
"415","Piccolo Petes Cafe",5,37.71257,-122.40082,"$",237,"Coffee & Tea Breakfast & Brunch Sandwiches"
"416","Pacific Catch",3.5,37.76567,-122.46619,"$$",1676,"Seafood Cocktail Bars"
"417","Vive La Tarte",4.5,37.7769811042271,-122.410907296645,"$$",404,"Bakeries Breakfast & Brunch Coffee & Tea"
"418","Arinell Pizza",4,37.7646907195257,-122.421712145927,"$",1105,"Pizza"
"419","Burma Love",4,37.76961,-122.42205,"$$",945,"Burmese Bars Seafood"
"420","House of Nanking",3.5,37.79649,-122.405392,"$$",3152,"Chinese"
"421","Home Plate",4,37.8000407,-122.4371697,"$$",927,"Breakfast & Brunch"
"422","Nob Hill Cafe",4,37.793182,-122.412648,"$$",1201,"Italian Pizza"
"423","La Palma Mexicatessen",4.5,37.75297,-122.40994,"$",585,"Mexican"
"424","Capo's Chicago Pizza",4,37.7985156,-122.4084149,"$$",708,"Italian Pizza Whiskey Bars"
"425","Velvet Cantina",4,37.753802,-122.419701,"$$",1198,"Mexican Bars"
"426","Capannina",4,37.7977488,-122.4291735,"$$$",792,"Italian"
"427","Nihon Whisky Lounge",3.5,37.768697,-122.41529,"$$$",1370,"Japanese Lounges Whiskey Bars"
"428","Miette",4,37.776353222642,-122.42469209494,"$$",682,"Candy Stores Bakeries"
"429","Lahore Karahi",4,37.78568,-122.4149,"$",1354,"Indian Pakistani"
"430","The Fly Trap",4,37.78535,-122.397074,"$$$",945,"Bars American (New)"
"431","Destino",4,37.7712546,-122.4237757,"$$",1164,"Latin American Cocktail Bars Tapas/Small Plates"
"432","Beard Papa's",4,37.78543,-122.40436,"$",997,"Bakeries Desserts"
"433","Volcano",4,37.7804911136627,-122.478081062436,"$",1053,"Japanese Curry"
"434","The Yellow Submarine",4,37.76402,-122.46337,"$",865,"Sandwiches"
"435","Hinata",4.5,37.78324,-122.42048,"$$$$",363,"Sushi Bars Japanese"
"436","Pazzia Restaurant & Pizzeria",4,37.7834151615544,-122.398016998777,"$$",913,"Italian Pizza"
"437","Crepes A Go Go",4.5,37.77107,-122.41341,"$",559,"Creperies Food Stands"
"438","Magnolia Haight",3.5,37.7703644,-122.4451952,"$$",1741,"Breweries Gastropubs"
"439","Myriad Gastropub",4.5,37.757248,-122.418733,"$$",515,"Gastropubs Venues & Event Spaces"
"440","New Eritrea Restaurant & Bar",4,37.7637329101562,-122.467636108398,"$$",696,"Ethiopian Vegetarian"
"441","Jane on Fillmore",4,37.78934,-122.43423,"$$",897,"Coffee & Tea Bakeries Breakfast & Brunch"
"442","Plentea - San Francisco",3.5,37.7914264423265,-122.404249032891,"$",1821,"Tea Rooms Bubble Tea"
"443","Pier Market Seafood Restaurant",4,37.8099386456994,-122.410550415516,"$$",1495,"Seafood Bars Sandwiches"
"444","Bursa",4,37.74036,-122.46674,"$$",731,"Middle Eastern Turkish Mediterranean"
"445","Palomino",3.5,37.7901400640963,-122.389625361692,"$$",2484,"American (New) Mediterranean Bars"
"446","KitTea Cat Cafe",4.5,37.7739346,-122.4222081,"$$",516,"Themed Cafes"
"447","Breakfast at Tiffany's",4,37.7304538339376,-122.40473203361,"$$",771,"Diners Breakfast & Brunch American (Traditional)"
"448","Trick Dog",4,37.7591727893974,-122.411238402128,"$$",733,"Cocktail Bars American (New)"
"449","Mr Pollo",4,37.7518828,-122.4183969,"$$",552,"American (New)"
"450","Tselogs",4.5,37.78656,-122.41295,"$",474,"Filipino"
"451","Blackbird",4,37.7673552796685,-122.429470070463,"$$",671,"Bars Venues & Event Spaces"
"452","El Rio",4,37.74681,-122.41946,"$",764,"Music Venues Dive Bars"
"453","Canela Bistro & Wine Bar",4,37.764878,-122.432438,"$$",581,"Spanish Tapas Bars Wine Bars"
"454","Domo",4,37.77586,-122.42631,"$$",855,"Sushi Bars Japanese"
"455","Marcella's Lasagneria",4.5,37.7580376,-122.3890908,"$$",336,"Italian"
"456","The Baked Bear - Custom Ice Cream Sandwiches",4.5,37.8072919,-122.417122,"$",365,"Ice Cream & Frozen Yogurt Bakeries"
"457","U :Dessert Story",4,37.7642642124321,-122.430517340788,"$$",509,"Desserts"
"458","House of Thai",4,37.7862824,-122.4183383,"$$",1243,"Thai"
"459","Firenze by Night Ristorante",4,37.79887,-122.4091,"$$",933,"Italian"
"460","Original Joe's",4,37.80021,-122.40945,"$$",1197,"Italian Steakhouses Breakfast & Brunch"
"461","Lapisara Eatery",4.5,37.7878344,-122.4131853,"$$",318,"Breakfast & Brunch Burgers Thai"
"462","Hong Kong Lounge",3.5,37.780671,-122.476619,"$$",1519,"Dim Sum Seafood Cantonese"
"463","De Afghanan Kabob House",4.5,37.78577,-122.420359,"$$",497,"Afghan Middle Eastern"
"464","Rhea's Deli & Market",4,37.759861,-122.4215622,"$",583,"Delis Sandwiches"
"465","Pluto's",4,37.764082,-122.464775,"$",1131,"Sandwiches American (Traditional) Salad"
"466","Cafe du Soleil",4.5,37.7832674501439,-122.397890965607,"$$",372,"French Sandwiches Italian"
"467","Caffe Greco",4,37.798918,-122.4084483,"$",954,"Coffee & Tea Desserts Sandwiches"
"468","Noe Valley Bakery",4,37.75121,-122.4334,"$$",704,"Bakeries Cupcakes"
"469","Curry Leaf",4.5,37.80308,-122.41452,"$$",530,"Indian Halal Pakistani"
"470","Aslam's Rasoi",4,37.7563,-122.42088,"$$",880,"Indian Pakistani"
"471","Taqueria Vallarta",4,37.75246,-122.41258,"$",750,"Tacos"
"472","Sixth Course",4.5,37.7668797,-122.4186656,"$$",316,"Desserts Chocolatiers & Shops Gelato"
"473","Omakase",4.5,37.7706719094861,-122.402888577285,"$$$$",372,"Sushi Bars Japanese"
"474","Teds Market",4.5,37.77287,-122.41623,"$",454,"Delis Sandwiches Breakfast & Brunch"
"475","Campton Place",4,37.7891030590383,-122.406697746033,"$$$$",703,"American (New) Indian Bars"
"476","Good Luck Cafe and Deli",4.5,37.793838,-122.404846,"$",390,"Delis Cafes Sandwiches"
"477","FK Frozen Custard Truck",4.5,37.76985,-122.41175,"$",326,"Ice Cream & Frozen Yogurt Food Trucks"
"478","Freshroll Vietnamese Rolls & Bowls",4,37.7839351290841,-122.403370141983,"$",1112,"Vietnamese Sandwiches"
"479","Comstock Saloon",4,37.7967419475317,-122.405046522617,"$$",898,"Lounges American (New)"
"480","The Mill",4,37.7764801534107,-122.437750024358,"$$",1025,"Coffee & Tea Bakeries Desserts"
"481","Bite",4,37.7884239641,-122.415666133,"$",690,"Delis Sandwiches Salad"
"482","Golden Era Vegan Restaurant",4.5,37.7814734450825,-122.416835837066,"$$",507,"Vegan Vietnamese Juice Bars & Smoothies"
"483","a Mano",4,37.776963880538,-122.423868469312,"$$",599,"Italian Cocktail Bars"
"484","Mi Lindo Peru",4,37.7450935396928,-122.420390950891,"$$",702,"Peruvian"
"485","Hey, Cookie!",5,37.757438659668,-122.419372558594,"$",175,"Desserts Bakeries Food Delivery Services"
"486","Sakesan Sushi & Bistro",4,37.7830954,-122.466049,"$$",981,"Japanese Karaoke Sushi Bars"
"487","Tacolicious",3.5,37.8004125,-122.4404725,"$$",1529,"Mexican Cocktail Bars"
"488","Vesuvio Cafe",4,37.797474861145,-122.406140863895,"$$",836,"Lounges"
"489","Cassava",4,37.7756431636201,-122.496476614988,"$$",779,"American (New) Breakfast & Brunch"
"490","Poc-Chuc",4.5,37.765643,-122.417139,"$$",504,"Latin American Mexican Bars"
"491","San Jalisco",4,37.75865,-122.41668,"$$",716,"Mexican Seafood Breakfast & Brunch"
"492","Grubbin'",4.5,37.7429221,-122.4812913,"$",424,"Sandwiches"
"493","Fringale",4,37.77857,-122.39714,"$$$",1048,"French Basque"
"494","La Corneta Taqueria",4,37.734085,-122.434144,"$",1039,"Mexican"
"495","Frena Bakery and Cafe",4.5,37.780321,-122.408274,"$",313,"Bakeries Kosher Mediterranean"
"496","The New Spot On Polk",4.5,37.798839,-122.422409,"$$",380,"Breakfast & Brunch Diners Burgers"
"497","Toyose",3.5,37.75322,-122.50469,"$$",1464,"Korean"
"498","Speakeasy Ales & Lagers",4.5,37.7380942813543,-122.380521448905,"$",397,"Breweries Speakeasies"
"499","Hooker's Sweet Treats",4.5,37.7852285,-122.4160527,"$$",272,"Chocolatiers & Shops Coffee & Tea"
"500","Stacks",3.5,37.77651706748,-122.424790594424,"$$",1579,"American (Traditional) Breakfast & Brunch Creperies"
